text,id,length,has_url,has_phone,label
너도 궁금하면 저번에 말했던 레시피 이기광이 추천한 거 <URL>하나 드릴게 ㅎㅎ 다음에 보면 그거로 요리해봐~,84087,62,1,0,0
"방이 좀 북적북적해져서 청소하느라 힘드네...ㅠㅠ 근데 이거 어디 다 둬야 할지 모르겄어, 대충 사진 찍어서 너한테 물어볼께 <PHONE>으로 전송할 테니까 확실하게 알려줘~~",76124,98,0,1,0
헤어졌다고 미가 걱정돼서 너한테 번호 알려달래^^; 진행상황 알려준다고 하더라구 <PHONE> 이게 미 번호야!,111058,62,0,1,0
"아까 물어본 그집 전화번호 찾았어! 여기 <PHONE>야, 연락하면 될 것 같아ㅋㅋ 고마워!",99735,51,0,1,0
와 이번에 새로 나온 영화 예고편 너무 대박이야ㅋㅋㅋ 여기 <URL> 한 번 봤으면 좋겠어!,64361,51,1,0,0
이번 주말에 같이 갈 카페 정보 링크 공유할게! 한 번 보고 괜찮으면 알려줘~ <URL> ㅎㅎ,99997,52,1,0,0
"오늘 브런치 메뉴 뒤적거리다가 발견한 완전 맛집인데, 다음에 같이 가볼래? 이 링크에서 메뉴판 미리 봐봐 <URL>!",113462,65,1,0,0
"어제 갔던 카페 너무 예뻐서 사진 찍어서 넣어뒀어 <URL>, 놀랄거야 ㅎㅎ 다음에 같이 가자!",111385,53,1,0,0
남친선물로 <URL> 저번에 얘기했던 그거 사봤어! 보니까 그럴싸하담ㅋㅋ 어때?,96746,44,1,0,0
아 루미랑 같이 볼 영화 예고편 찾았어! 여기 링크에 <URL>진짜 대박임 빨리 봐봐 ㅋㅋㅋ,74853,51,1,0,0
야 일찍 나와서 점심 같이 먹을래? 만나는 건 보통 장소인데 ㅋㅋㅋ 아무래도 멀면 내가 데려가 줄게. 연락은 <PHONE> 번으로 해줘~,47807,76,0,1,0
"우리 주말에 놀러갈 데 찾았어, 너무 좋아ㅎㅎ 링크 놔둘게, 시간나면 한 번 들어가봐 <URL>",113504,53,1,0,0
"헐, 어제 카페에서 만났던 사람 번호 찾았다 <PHONE>! 연락 한 번 해봐 ㅎㅎㅎ",111675,47,0,1,0
날씨 어때? 밖에 안나갔다면 이 사이트에서 확인해봐 <URL> 우산 챙기는게 좋을 것 같아ㅎㅎ,99738,52,1,0,0
"오늘 밤엔 네 일정이 없다면서, 나 조금 전에 지나가는 카페에서 2+1 행사 하고 있더라구ㅎㅎ 번호 미리 저장하고, 혹시나 해서 시간 될 때 연락해봐 <PHONE>",82831,91,0,1,0
"야, 진희네 집 주소 잘 모르겠다면 이 번호로 물어봐 <PHONE>, 방금 전화하니까 집에 있대 ㅋㅋ",42724,56,0,1,0
"너무 너무 귀여운 강아지 영상 찾았어, 이거 한번 봐봐!! <URL>",48001,38,1,0,0
"너 아까 보던 영상이야? 링크 찾아서 보내준다 <URL>, 근데 중간에 뭐 좀 이상하면 <PHONE>으로 전화해줘 ㅋㅋ",64125,66,1,1,0
오랜만에 이런 거 봤나 싶어서 보내봐! 진짜 웃긴건 아니고 그냥 한번 웃어봐봤다 싶은 거 ㅎㅎ <URL>,67999,58,1,0,0
"아 오늘 너무 웃겼어, 참고로 그 스파이캠 동영상 여기에 업로드 해뒀으니까 <URL> 접속해서 한 번 봐봐! 그리고 혹시 모르니 내 번호 이거야, <PHONE>. 잘 자!",111414,95,1,1,0
다음에 점심 약속 잡을 때는 <PHONE>로 해줘! 피자 좋아하는데 굳이 비빔밥은 이해가 안 가 ㅋㅋㅋ,76175,57,0,1,0
너 내일 픽업 좀 해 줄래? 시간이랑 장소는 이 링크에 올려놨어. <URL> 헷갈리는 거 있으면 바로 나한테 전화해 <PHONE> !,83766,74,1,1,0
"오늘 같이 날씨도 좋은데, 낚시나 갈래? 일단 기다려봐, 구체적인 위치랑 시간은 곧 <PHONE>으로 연락할게! 두근두근~",76729,68,0,1,0
"야, 어제 투표장에서 찍은 사진 너무 웃겨 봐봐 ㅋㅋㅋ 여기다가 올려놨어 <URL>, 근데 내 전화가 갑자기 안 돼서 너 <PHONE> 으로 연락왔으면 좋겠어!",96169,89,1,1,0
"아 마자ㅋㅋ 그 티켓 예매 완료했어! 이게 바로 키노링크 <URL>이구, 나중에 변경하고 싶으면 이 번호로 전화해 봐 <PHONE>.",68686,74,1,1,0
"오늘 아침에 말했던 그 레시피, 이 링크에서 찾을 수 있을거야 <URL> 한 번 참고해봐~!",135981,51,1,0,0
이번 주말에 웃긴 걸 찾았어 ㅋㅋㅋ 진짜로 봐봐 <URL> 그리고 혹시 모르니 내 번호도 가져가 <PHONE>,130189,61,1,1,0
어제 찍은 사진 ㄹㅇ 대박이지 않아? 궁금하면 링크 눌러봐! <URL> 긴급시 이 번호로 전화주라구 <PHONE> ㅎㅎ,69455,66,1,1,0
"야, 내일 바로 작업해야 하니까 이거 꼭 확인해봐. 궁금한 거 있으면 <PHONE>로 전화해서 물어봐!",111095,57,0,1,0
"오늘 한강에서 찍었던 저녁노을 사진, 넘 선명하게 잘 나온 것 같아서 보여주려고 블로그에 올렸어! 링크는 여기 <URL> ㅋㅋ 한 번 봐봐!",58689,78,1,0,0
"헉, 나 갑자기 급한 약속 생겨가지고 그런데 너한테 내가 버금버금 찾던 그 책 빌려갔던 기억 나? 어서 좀 돌려줘 ㅜㅜ 내일 아침 알람 같이 오면 딱일거 같은데, 이 번호로 <PHONE>!",76460,105,0,1,0
"뒷고기 사진 업로드해놨어, 니 물어보던 그거 맞아ㅎㅎ 봐봐 <URL>",75818,38,1,0,0
"담주 토요일 약속 잡았던 것 기억나지? 어디서 만나는건지 까먹었다면, <PHONE>으로 전화줘! 내가 친절히 알려줄게ㅎㅎ",43076,67,0,1,0
"이번 주말 놀러갈 카페, 리뷰가 좋더라고, 여기서 한 번 확인해봐 <URL> 어때, 같이 갈까?",49227,53,1,0,0
"강아지키우기 팁이야, 요즘 잘 따라하니? 링크나 확인해봐ㅎㅎ <URL>, 혹시나 더 궁금한 점 있으면 내 번호로 연락줘 <PHONE>",75520,74,1,1,0
"오늘 저녁 회사 시간 날리려면 진짜 급한게 생겼다고 얘기해야 할 것 같애 ㅠㅠ 바쁜데 내 사정 좀 들어줄래? 연락할께, 번호는 <PHONE>야. 내일보자 ㅎㅎ",99380,88,0,1,0
"어제 그 카페 신메뉴 진짜 대박 맛있더라고 ㅋㅋㅋ 근데 이름을 또 까먹었네 ㅎㅎ 이따가 퇴근하면 한 번 전화해줘, 그 때 다시 물어볼게 <PHONE>.",100414,84,0,1,0
진짜 이번에 내한하는 그 가수 라이브 좋다니까? 티켓 판매 사이트 바로가기 여기야 <URL> 확인해봐ㅎㅎ,48140,58,1,0,0
와 주말에 날씨 너무 좋드라 ㅎㅎ 담주에 피크닉 가자! 참고로 장소 정보는 <URL>이고 만약 내가 늦게 가면 <PHONE>으로 연락해줘~!,66979,78,1,1,0
"요즘 너무 힘들면 이거라도 봐, 기분 좀 풀리라구! <URL> 최고인데 ㅋㅋ",48025,42,1,0,0
나 이번 주말에 갈 카페 추천 좀 받았는데 <URL> 이거 사진 보니까 좋아보이지 않아? 한 번 가볼까 ㅎㅎ,83502,60,1,0,0
"야, 내가 얘기했던 그 냥이 보러 가자는거 기억나? 아 심히 재밌을거 같아서 ㅋㅋ 일정 어때? 괜찮으면 이 번호로 <PHONE>연락와 줘! 그럼 알려줄게!",76449,86,0,1,0
"아, 그런데 내일 특별히 할 일 없으면 같이 피크닉 가지 않을래? ㅋㅋ 그럼 내일 아침에 핸드폰 번호 <PHONE>으로 위치 보내줄게, 나중에 확인해봐~",41893,85,0,1,0
너도 꼭 봐야 할 것 같아서 링크 보내. <URL> 이거 보고 나서 얘기하자 ㅎㅎ,83218,45,1,0,0
"야, 나 지금 조금 바빠서 전화 못 받을거 같아ㅠㅠ 문제 있으면 이 번호로 문자 보내줘 <PHONE> 돼냐?",45456,60,0,1,0
"헬스장 회원카드 분실했어?ㅠㅠ 여기 000-0000-0000, 헬스장 번호야. 바로 전화해봐!",67140,52,0,1,0
오늘 점심메뉴 뭐하냐고? 링크 여깄어! 진짜 맛있어 보여 <URL> 누르고 반응 좀 보였음 좋겠어ㅎㅎ,68049,56,1,0,0
"야, 나 오늘 우리 집에 가봤니? <PHONE> 이 번호인데, 연락 오면 나한테 다시 연락해줘! 참고로 냉장고에 케이크 두었어, 사진 보여줄게, 여기서 확인해봐 <URL> ㅋㅋ 맛나겠지?",58733,104,1,1,0
요즘 유행하는 노래 들어봤어? 춤추기 딱 좋아 ㅋㅋ 다음에 클럽 가면 이거 틀자~! 참고하라고 미리 링크 보내줄게 <URL>,67715,69,1,0,0
"요즘 가볍게 운동할 수 있는 곳 찾아봤는데, 꽤 괜찮은 곳 찾았어. 내일 같이 가볼래? 주소 모르면 내 번호로 연락해 <PHONE>",83413,73,0,1,0
이번 주말 영화 같이 볼까? <URL> 여기서 시간표 확인하고 말해줘 ㅎㅎ,90051,41,1,0,0
너처럼 일이 잘 안 풀리면 뭐라도 하고 싶어져서 완전 귀여운 개구쟁이 강아지 입양했어! 사진은 이 링크에 올려두었어 <URL>. 복사해서 보러가봐~~ 더 궁금한 거 있으면 <PHONE> 로 편하게 연락해~,64430,114,1,1,0
여기 웃긴 영상 찾았는데 봤어? 진짜 대박이야ㅋㅋㅋ 링크 확인해봐 <URL>,131025,42,1,0,0
"이번 주말에 가볼 만한 카페 몇 군데 찾아봤어, 여기 링크에 정보 다 있으니까 천천히 봐봐 <URL> :)",41766,59,1,0,0
"오늘 같이 먹으면서 이야기할 거 있거든, 퇴근하고 나한테 <PHONE>으로 전화 좀 해줄래? 꼭이야, 안 까먹고! ㅎㅎ",48029,66,0,1,0
"요즘 많이 보는 그 영화, 티켓 예매하려면 여기로 들어가봐 <URL> 많이 본다던데 재밌을 것 같음ㅎㅎ^^",130102,59,1,0,0
오늘 점심 같이 먹으러 올 거지? 혹시 내 위치 몰라서 헷갈리면 이 번호로 전화라도 해 <PHONE>ㅎㅎ 얼른 와!,130479,64,0,1,0
야 나 오늘이 데드라인인 이번 시험 대체 언제 잡힌 건데ㅠㅠㅠㅠ 받아둔 정보 세뇌시켜볼게ㅋㅋㅋㅋㅋ 링크 여기 있어 <URL> 부디 날 구해주길🙏🙏🙏 참고로 시험 관련 문의는 이 번호로 <PHONE> 해주세요!,82975,116,1,1,0
"와우 그러고 보니 뭔가 치료법을 보냈었어, 여기 다시 올려놨으니깐 <URL> 확인 좀 해봐! 맞아이드 그거 하는대로 해봤는데 엄청 효과 좋더라고ㅎㅎㅎ",61068,83,1,0,0
"야, 오늘 저녁 너 주방정리 좀 도와줄 수 있을까? 갑자기 손님이 몇 명 와서 손댈 틈이 없어서 ㅠㅠ 혹시 시간 안 되면 내 번호 <PHONE>로 전화주라~",76511,87,0,1,0
"아 맞다 그거 내일 내가 가져가야 하는데, 너 집에서 나가기 전에 <PHONE>으로 연락 좀 줘! 까먹을까 봐서ㅋㅋ",133417,64,0,1,0
아빠가 신발 사진까지 보내왔는데 아래 링크로 들어가봐 <URL> ㅎㅎ 사이즈 괜찮으면 얘기하라네 <PHONE>로.,113392,63,1,1,0
"야, 내일 모각코 끝나고 맛집 가자! 예약해둘게 이거 확인해봐 <URL> 근데 예약 바꾸고 싶어지면 이 번호로 연락줘 <PHONE>",130451,73,1,1,0
요즘 너무 재밌게 보는 드라마가 있는데 링크 <URL> 여기에 첨부 해놨어! 혹시나 맘에 들면 이번 주 주말에 같이 볼래? 별로라면 연락 좀 <PHONE> 번호로 주면 돼~ㅎㅎ,83514,98,1,1,0
오늘 밤 나 홍대가는데 너나 시간되면 같이 가셈 크크크 고기 쏜다🥳 갑자기 계획 변경되거나 모르니까 내 번호 <PHONE> 저장해놔!,83563,74,0,1,0
"너가 어제 일찍 잠들어서 못봤을까봐 <URL> 에 블로그 글 올렸어, 시간 나면 읽어봐! 그리고 피드백 언제든지 <PHONE>으로 주면 고마울 거 같아^^",129185,86,1,1,0
헤헤 오늘 우리가 간 그 카페 인스타 계정 여기 있는데 <URL> 들어가서 좋아요 눌러줘❤️,67094,51,1,0,0
"아, 그르지 내 운전 중이라 정신 없어. 길 바뀌었다면서? <PHONE>으로 연락주면 알려줄게 ㅋㅋ",85070,55,0,1,0
"요즘 텐션 너무 떨어져서 커피 추천 좀 받고 싶은데, 그 카페 번호 아직 가지고 있니? <PHONE> 다시 한 번 알려줄래?",73413,69,0,1,0
"야, 나 오늘 스케줄이 좀 바꼈어. 재정비하느라 바쁠텐데 집사람한테도 전해줘. <PHONE> 이거 내 집사람 번호야.",131756,65,0,1,0
"야 너 숙제 어떻게 했는지 모르겠으면 이 링크 한번 들어가봐, 배우고 도움 좀 줘~ <URL>",64248,52,1,0,0
"너도 봐야 할 거 같아서 링크랑 내 번호 보내 ㅋㅋ 어디든 좋으니 연락하면 돼 <URL>, <PHONE>",43154,58,1,1,0
요즘 핫한 그 카페 주소 찾아서 여기에 올려뒀어 <URL> 같이 가자고요 ㅎㅎㅎ,42122,44,1,0,0
내일 일정 변경 됐어! 바뀐 장소 정보는 이 링크에 있으니까 꼭 확인해봐 <URL> 그런데 내가 핸드폰 바꿔서 번호도 바뀌었어 <PHONE> 이거로 연락 줘!,68190,88,1,1,0
"어제 피크닉 갔던 사진 다 싸그리 다풀어서 블로그에 올렸어. 여기서 <URL> 확인해봐, 꼭 보라고!",129219,56,1,0,0
"우리가 가야 할 그 카페 위치 링크 여기있어 <URL>, 근데 네비 싫어하면 <PHONE>으로 전화해 물어보는 것도 괜찮을 듯!",61925,71,1,1,0
지금 집 앞에 있는데 문 잠겨있는 거 같아서 전화가 될까요? <PHONE> 만약에 연락이 안 되면 사이트 여기 <URL>에서 확인해 봐줘!,84763,77,1,1,0
"내일 체육대회 참가신청 양식이 이 링크에 있어 <URL>, 굳이 연락 안해도 되고 걍 거기에서 직접 신청하면 돼. 근데 모르는 건 이 쪽으로 전화해 <PHONE>ㅋㅋ 너무 어려우면 내가 도와줄게~",64262,109,1,1,0
"야 이번 주말에 행사하는 곳 주소 찾아봤어, 여기 맵에있어 <URL> 과자 두 봉지씩만 가져오면돼ㅋㅋ",135676,56,1,0,0
"아잇, 방금 사진 찍어서 블로그에 올렸는데, 이쁘게 나왔다 싶으면 좋아요 한 번 눌러줘 <URL> 근데 이 글 먼저 보면 안 될 것 같으면 제가 바로 전화해!! <PHONE> 이거 번호야",48112,104,1,1,0
"왜냐면 지금 집에 냉장고 파뤼 하는 중이라고 ㅋㅋㅋㅋ 참, 바쁜데도 카페 주소 여기다 올려놨어 <URL>, 안내 문자 확인 잘 받았으면 좋겠다~",76200,80,1,1,0
"언니 꿈에 나온 그 블라우스 찾았어, 속옷 보이는 거 아님 ㅋㅋ 이 링크 들어가봐 <URL>",95018,51,1,0,0
"맞아, 어제 그거 찾아보다가 겁나 웃긴게 나왔어 ㅋㅋㅋㅋ 여기 링크 <URL>가서 봐!! 반드시 봐야해 진짜ㅋㅋ",61097,62,1,0,0
"오늘부터 우리 헬스장에서 같이 운동하는 건 어때? 바쁘면 이 할인쿠폰 가지고 가! 내가 준비해뒀어~ 번호는 <PHONE>야, 잘 써 ㅋㅋㅋ",42679,77,0,1,0
"우리 오늘 약속한 곳 주소 알려줬었지? 아직 가기 어려울 거 같아서 미리 알려주는 번호도 함께 보냈어 <URL>, <PHONE> 이야기하는 거 잊지마 ㅋㅋ",83605,86,1,1,0
와 이 걸 보라고ㅋㅋ 진짜 웃긴다 <URL> 그리고 시간 되면 나한테 연락 좀 줘 <PHONE> 난 이따봐!,83695,60,1,1,0
"오늘 그 핫한 카페 사진 찍어놨어, 이거 봐봐 ㅋㅋ <URL>",110885,34,1,0,0
"아 근데 아직 제가 집에 있는 컴퓨터에 있는 파일 봤나요? 아님 링크로 한번 더 보내줄까요? <URL> 저의 연락처는 여기 <PHONE>에요. 편하게 연락주세요, 혹시 문제 있으면 말이죠 ㅎㅎ",43158,107,1,1,0
"언니 김치찌개가 갑자기 너무 먹고 싶어서, 요즘 대세라는 그 레시피 찾아봤어ㅎㅎ 여기서 확인해봐! <URL>",76751,60,1,0,0
"앗, 간만에 길가다가 이상한 귀신나무 사진 찍었어 ㅋㅋㅋ 놀래지마, 꼭 봐! <URL> 참고로 도움이 필요하면 바로 날 찾아, 여긴 내 번호 <PHONE> ㅎㅎ",75034,89,1,1,0
"야야, 나중에 맛집 옆 카페가 궁금하면 편하게 전화하렴 <PHONE> 이거다! 커피도 송송~",68224,51,0,1,0
"친구야, 이번 주 내가 공연 보러 가는데 같이 가지 않을래? 정보는 기꺼이 네게 알려줄게! 궁금한 게 있으면 언제든지 <PHONE> 번호로 전화해도 돼ㅎㅎ",111390,86,0,1,0
어제 잊혀진 물건 여기서 찾아볼 수 있어 <URL> 픽업하러 가려면 내 번호 <PHONE>로 연락줘~,61243,56,1,1,0
아마도 나중에 갈 것 같아 ㅋㅋ 너한테 문자 안 가면 <PHONE>으로 전화해줘!,67695,45,0,1,0
"야, 내일 통금 시간 까먹지 말고, 혹시 몰라 이건 엄마 전화번호야 <PHONE>. 꼭 기억해놔!",92975,54,0,1,0
"진짜 이것 좀 봐봐, 아주 대박이야 ㅋㅋㅋ <URL> 이거 보고 <PHONE>으로 연락해줘, 내용 얘기해보자~",41888,61,1,1,0
배고파서 치킨 사서 먹을까 했는데 이거 보고 결정해줘 ㅋㅋㅋ <URL>,89909,39,1,0,0
"헤헤 오랜만에 운동하니까 피곤하긴 했지만 재밌었어ㅋㅋ 다음번에는 이 링크 <URL>에서 이야기 나눈 카페 가보자고! 아, 주차는 불편하니까 출발하기 전에 이 번호 <PHONE>로 확인하고 오면 좋을 것 같아.",58529,116,1,1,0
오늘 뵌 거 맞지? 근데 나 여긴데 어디야 너? ㅋㅋㅋ 위치 확인 한 번 해봐 <URL> 링크 참고해서 와!,47791,60,1,0,0
다들 링크 이거 클릭해서 도착 잘 하셨으면 좋겠어요~ <URL> 길 잘 찾아오세요!ㅎㅎ,64660,48,1,0,0
"아 저녁을 먹으러 갈까 해서, <PHONE> 에 전화해서 예약 좀 해놓을게 ㅎㅎ",42269,44,0,1,0
"야, 오늘 먹은 저 디저트 재밌게 썼어 ㅋㅋㅋ 혹시 백 퍼 재미없으면 말로 물어봐 꼭 <URL>",67223,53,1,0,0
"헤헤 봄 아웃핏 어때? 잘어울릴 것 같아서 은근 찍은 건데, 사진 <URL>에서 확인할 수 있어! 궁금하면 언제든지 <PHONE>으로 물어봐도 돼!",63447,82,1,1,0
오늘 회의 장소 깜빡했으면 이 번호로 전화해 ㅋㅋㅋ <PHONE> 알았지?,75506,41,0,1,0
"엄마, 택시 타러 나가는데 회사 전화번호가 <PHONE> 맞지? 까먹어서ㅠㅠ",42104,42,0,1,0
너도 이번에 신제품 출시 반값 이벤트 참여해봐! 어제 내가 알려준 링크 <URL> 그거 아냐 ㅋㅋ 핸드폰 바꿀 때 쓸 사이트로 저장해두셈! 고민되면 이번호 <PHONE>로 전화줘봐~,111640,101,1,1,0
"어제 찍은 풍경 사진들, 어케 보이냐뭘까? ㅋㅋ 확인 좀 해봐, 여기서 볼 수 있어 <URL>",41676,52,1,0,0
"오늘 먹은 짬뽕 사진 너무 맛있어 보이지 않아? 이집 위치 링크 남겨둘게, 꼭 가봐ㅎㅎ <URL>",45454,54,1,0,0
"아이고 나 완전 혼란 왔어. 랩탑 고치려는데 뭔가 잘 안돼..ㅠ 이 사이트에 가면 도와줄 수 있는 데 있더라, 한번 봐줄래? <URL>",41464,75,1,0,0
"오늘 점심 먹으러 올 수 있어? 맛집 찾았는데ㅎㅎ 주소 모르면 <PHONE>으로 전화 줘, 위치 보내줄게!",96463,59,0,1,0
"아 저녁에 만나는 데 찾아가는 길 좀 헷갈리면 이 번호로 연락줘 <PHONE>, 혹시 몰라서 ㅎㅎㅎ",89789,55,0,1,0
"ㅋㅋㅋㅋ이거 사진 보니까 너 내일 왠지 폼생폼사 할 것 같아, 느낌 완전 왔어! 보고 깜짝 놀라지마 <URL> 아 그리고 내일 모임장소 바뀌었어, 헷갈리면 이 번호로 연락줘 <PHONE>",68544,104,1,1,0
악! 택배 놓친 것 같은데 <PHONE>으로 전화해 줘. 택배사에 원하는 배송 시간 다시 말해야 할 것 같아 ㅠㅠ,45436,63,0,1,0
"헐, <PHONE>번호로 카톡 왔는데 이제야 봐서 바로 연락해봤는데 너 팔딱이네ㅋㅋ 싶어서 링크수록했어 <URL> 봐봐 ㅋㅋ",48473,69,1,1,0
헤이! 너희 말투 배우려고 했던 그 유튜브 영상 나 봤어 ㅋㅋ 참고하면 좋을 것 같아서 링크 <URL>랑 나랑 연락할 수 있는 번호 <PHONE> 보내줄게! 확인 한 번 해봐~,100904,98,1,1,0
"와, 이건 꼭 봐야 돼! <URL> 여기서 메인보는 거 잊지마 ㅎㅎ 필요하면 언제든지 전화줘 <PHONE>!",99540,60,1,1,0
아니 이해가 안 간다면서? ㅋㅋ 우리 팀장님한테 한 번 전화해봐 요기 <PHONE>로,68319,47,0,1,0
오늘 밤 10시에 네가 문 제일 잘 푸는 엄마한테 연락해보자고 해줘ㅎㅎ 이게 엄마 번호야 <PHONE>,83467,57,0,1,0
"야 너 이거, 오늘 택배가 올 거라던데 내가 집에 없어서 수령이 어려운데 내부양, <PHONE> 번으로 연락하면 창고에 가둬놨다 주겠다더라 ㅠㅠ 바빠서 죄송해~ 이번에는 반드시 맛있는 거 사줄게!",63806,109,0,1,0
우리 지난 주에 찍은 사진들 드디어 다 정리했어! 링크는 여기 <URL>. 놓친 사진 있으면 나한테 바로 전화 줘 <PHONE>ㅎㅎ,43186,73,1,1,0
너 어디야 아직 작업 안 끝났어? 근데 내 노트북이 멋대로 꺼져 버렸어... 잠시만 <PHONE>으로 연락해줄래? HTML 수정해야 하는데 풀리퀘스트 창안에서 생각이 안 나네ㅠㅠ,41618,99,0,1,0
"헤헤 너가 요즘 자주 언급하는 그 보물찾기 게임, 내가 풀어봤어😉 링크 여기 있으니까 확인해봐 <URL>",41897,58,1,0,0
"야, 너 오늘 공연 보러 올거지? 만약 내가 혹시 연락이 안된다면 이 번호로 전화해줘 <PHONE> 팍팍 해도 돼ㅎㅎ",67689,65,0,1,0
에바 알바 아니야 ㅋㅋㅋ 내가 본 거 중에 제일 끝내준다니깐 <URL> 요기서 한 번 봐봐!,100612,51,1,0,0
"그치 그치 나도 발견하자마자 ""와 이거 완전 대박ㅋㅋ"" 하고 링크 바로 남겨봤어 <URL> 이거 보세요, 꼭!",67057,61,1,0,0
"직접 해보면 정말 놀라울 거야 <URL>에서 레시피 찾아서 연어 덮밥 만들어 봤는데, 어떤가 😋?",109778,54,1,0,0
"에이, 너무 웃겨서 못 참겠어 ㅋㅋ 너도 한번 웃어봐~ <URL> 여기서 볼 수 있어! 그런데 나 가끔 전화 안받아서 혹시 못 받으면 <PHONE>으로 메시지 남겨줘~",42837,93,1,1,0
오늘 그 약속 장소의 맵 링크 내가 메시지로 보냈어 <URL> 되도록이면 <PHONE>으로 전화로 확인해줘~ ㅎㅎ 아직 안 왔으면 택시 타고 오면 좋을거 같아!,96010,89,1,1,0
"아 그거 내가 좋아하는 요리 채널인데, 링크 드릴게 <URL>! 전화하려면 이 번호로 <PHONE> 치면 돼!",75803,61,1,1,0
"오늘 농구 어때? 내가 농구장 배치도 찍어서 보낼게, 번호가 <PHONE>야, 보고 오면 돼ㅋㅋ",63993,53,0,1,0
"오늘 영화 어때? 시간이 빠듯하면 나한테 <PHONE>으로 전화해, 그럼 빨리 준비하게!",111180,49,0,1,0
"야, 오늘 저녁에 시간 되면 나한테 전화 좀 해줘, 약간 중요한 얘기 좀 하려고 ㅜ <PHONE> 요기!",67277,58,0,1,0
"진짜 이번에 너무 웃겼어 ㅋㅋㅋㅋ 링크 한 번 들어가봐 <URL>, 아님 나한테 직접 물어보려면 보내준 번호로 <PHONE> 전화해~",73480,74,1,1,0
"야, 내가 찾던 그 레시피 링크예요 <URL> 헷갈리는 부분 있으면 나한테 <PHONE>로 문자 주면 되~ㅎㅎ",96742,61,1,1,0
"야, 이 주말에 어디 갈지 모르면 이 링크를 확인해봐 <URL>, 관심 있으면 나한테 연락 좀 주렴 <PHONE>. 약속 잡자 ㅎㅎ",64099,73,1,1,0
"야, 이거 개웃겨 진짜 ㅋㅋㅋㅋㅋ 꼭 봐봐 <URL> 지금 봐도 늦지 않아!!",89822,43,1,0,0
"오 맞다, 봄이 겨울에 추천한 그 뷰 맛집! 위치는 여기서 검색하면 <URL> 나오고, 못 찾으면 내 번호 <PHONE>로 연락줘.",134158,73,1,1,0
아 그리고 나중에 궁금한거 있거나 잊어버리면 이 번호로 연락해 <PHONE> 괜찮겠지? ㅎㅎ 나 항상 폰 잘 안붙잡아서...ㅋㅋ,43852,71,0,1,0
와 너무 재밌었어 ㅋㅋㅋ 사진들 다 구글 드라이브에 업로드 해놨으니까 <URL>에서 확인해 봐! 아 그리고 뭐 빠진거 있으면 밤에 편하게 이번호로 연락줘 <PHONE> 🌃,45643,95,1,1,0
"어제 카페에서 찍은 사진 확인해봐, 여기 너무 예쁘더라구 <URL>ㅎㅎ 역시 나의 시선은 다르지 않아?",130904,57,1,0,0
"요즘 빠져있는 웹툰이야, 진짜 꿀잼인데 읽어볼래? 여기 링크 <URL> 다음 화 기대되는거 있어서 전 화차 좀 기다리고 있어 ㅠㅠ",48052,72,1,0,0
"오늘 점심 뭐 먹을지 고민된다면, 내가 얼마 전에 갔던 맛집 <URL> 한 번 찾아봐! 그리고 제일 맛있던 메뉴 추천해줄게, 나중에 <PHONE>으로 전화해~",68799,88,1,1,0
"아 오늘 회사 다녀와서 폰 바로 안 봤어. 나한테 뭐 좀 중요한 거 있으면 <PHONE>으로 전화 걸어줘, 그때는 꼭 받을게!",83644,70,0,1,0
"응, 갑자기 생각나서 보냈어 ㅎㅎ 퇴근 후에 한 번 봐줘~<URL> 해당 링크에서 확인 가능하고 오류나면 <PHONE>로 연락줘!",96573,72,1,1,0
"언니! 어제 영화 너무 재밌대서 예매 링크 좀 보내봤어, 부담 없이 한 번 봐볼래? <URL> ☺️ 그리고 나중에 뭐 궁금한 거 있으면 언제든지 전화해! 내 번호 <PHONE>야~",83093,100,1,1,0
"아니 이번에 새로 생긴 카페가 진짜 이쁘더라고, 주소 모르면 내 번호로 연락줘! <PHONE> 헤헤 꼭 가봐야할 곳인 듯ㅋㅋ",82762,69,0,1,0
네일아트 하고 싶다고 했던 거 기억나? 내가 보고 좋아한 네일샵 링크 여기 있다 <URL> 봤으면 좋겠닼ㅋㅋㅋ 도전해봐!,43518,67,1,0,0
오늘 드디어 휴가 떠나는데 ㅋㅋ 대신 내 방에 너무 먼지가 쌓여서ㅠㅠ 너희 집청소기 대여 사이트 링크좀 보내줘! <URL> 되던가?,76126,73,1,1,0
빅픽처 보고 와라! 엄청 대박이야 여기서 볼 수 있어 <URL> 스마트폰에서 잘 안되면 이 번호로 전화해줘 <PHONE> ㅎㅎ,47796,70,1,1,0
"요번 주말 영화 같이 볼까? 이번에 개봉하는 거 예고편 넘 좋아보여서 링크 보낼게 <URL> 어때, 볼까?",47923,59,1,0,0
오늘 회사 날라갈 것 같아..ㅠㅠ 무슨 일 생기면 <PHONE>으로 연락해줘 내가 청첩장 보냄 다시 한 번 확인해봐~,75700,65,0,1,0
"형, 오늘 저녁 술집 예약은 내가 했어. 혹시 내가 늦게 가면 하는 척 이 번호 <PHONE>로 전화해봐. 알았지?",84376,64,0,1,0
"요즘 핫한 웹툰, 이거 보셨나요 ㅋㅋㅋㅋ 어제 미친듯이 웃었어요 <URL> 꼭 한 번 봐보세요~",130439,53,1,0,0
"오늘 뜻대로 안되네.. 근데 봐봐, 방금 사진 찍었더니 나름 잘 나왔어ㅋㅋ 링크는 여기 <URL>",90058,54,1,0,0
"너 근처로 갈 일 생기면 전화 한 번 주면 좋을 것 같아, 내 번호야 <PHONE> 앞으로도 염치불고 밥 사러 오시라고 ㅎㅎㅎ",67621,70,0,1,0
"헤이, 어제 내가 말했던 그 영화 트레일러 <URL> 보고 꼭 봐야한다고 주장해봐! 🎬😆",67667,49,1,0,0
"아 나기차 찍었어ㅋㅋ이거 봐봐 <URL>, 너무 웃기지 않냐?!ㅎㅎ피드백은 이 번호로 <PHONE> 보내줘~",42090,60,1,1,0
"아무래도 옷 고르는 게 모르겠다 싶으면 내 번호로 연락줘 <PHONE> ㅎㅎ 아, 그리고 이번에 오픈한 신상 옷좀 보여줄게 링크 드릴게 <URL>~ 혹시 눈에 들어오는 거 있으면 바로 연락줘!",48994,107,1,1,0
우리 아저씨 할머니 전화번호 알지? 급하게 연락해야 할 일이 생겨서 얘기하려 하는데 <PHONE>로 전화 와봐 ㅜㅜ,82548,64,0,1,0
너 어제 언급한 그 레시피 링크 여기에 <URL> 놔뒀어. 평소에 안 좋아하는 재료이긴 해도 한 번쯤은 도전해봐!,68183,63,1,0,0
"해먹 고장난 거 같아, 너 전기 좀 아는 것 같던데 봐줄 수 있어? 내 번호는 <PHONE>야, 편한 시간되면 연락좀 해줘~",130468,69,0,1,0
"나 이번에 좋은 카페 발견했어, 여기 보고 내일 같이 가자 ㅎㅎ <URL>",99944,41,1,0,0
"오늘 저녁식사 장소 예약했는데, 혹시 늦을 것 같으면 이 번호로 전화해줘 <PHONE>.",130710,49,0,1,0
"언니, 여기 <URL> 처음 가는데 경로 좀 확인해줄래? 만약 내용 열지 못하면 문자로 알려줄게 ㅎㅎ",43188,56,1,0,0
너랑 얘기하면서 그 동영상 생각나서 찾아봤어ㅋㅋ 진짜 폭소 터짐 링크 <URL> 들어가서 봐! 모르면 전화줘 <PHONE> ㅋㅋㅋ,48004,72,1,1,0
"아, 내일 갈 카페 주소 다시 말할래? 없으면 여기 메뉴도 같이 볼 수 있는 링크 걸어놨어 <URL> 미리 보고 뭐 먹을지 골라봐 ㅎㅎ",64435,75,1,0,0
이거 보고 실화인지 물어봤더니 깜짝 놀랐어 ㅋㅋ 진짜이래 <URL> 직접 둘러봐봐!,61255,46,1,0,0
야 아저씨 매장에 물건 재고 있을지 확인해주세요. 연락은 여기 <PHONE>으로 편하게 해도돼~ 아! 사진 참고 할려면 여기 <URL> 참고하면 돼!,76041,83,1,1,0
"헤헤 이거 봤어? 멍청이 선배님의 역사적인 순간ㅋㅋㅋㅋ 과연 어떤 모습일까? <URL> 눌러봐. 아, 술 마시러 오고 싶으면 저녁에 전화 해 <PHONE>~",64692,87,1,1,0
"이번 주말에 가보자고 그랬던 그 카페 후기 찾아보니까 엄청 좋더라구ㅋㅋ 내가 링크 걸어줄게, 확인 좀 해봐! <URL>",83407,66,1,0,0
"임창정 노래방에서 불러봤어 ㅎㅎ 진짜 어렵더라고, 이거 들어볼래? <PHONE> 으로 전송해줄게, 전화 좀 받아봐 ㅎㅎ",47944,66,0,1,0
"헐, 이거 들어봤어? 완전 빵터짐ㅋㅋㅋ <URL> 빨리 듣고 답장해줘아! 아니면 <PHONE>으로 전화해도 돼!!",64313,63,1,1,0
"오늘 보고서 파일 다시 보낼게, 연락처 잘 저장해둬 <PHONE>, 뭐 잘못 보낸 거 있으면 바로 불러!",58743,58,0,1,0
"아 난 지금 바쁜데, <PHONE> 이건 동생 휴대폰 번호야. 급한 건 그녀한테 먼저 전화해줘.",82678,53,0,1,0
"야, 가끔 우리집 고양이 스쳐가다가 발에 걸려 넘어지는 거 보면 뭔가 웃긴데, 너도 한 번 봐? 내일 영상으로 찍어서 보내줄게, 새 핸드폰 번호인데 기억해둬 <PHONE> ㅋㅋ",58350,98,0,1,0
"아 참 그렇게 칭구가 신선농장 방문하신다면서요, 주소를 모르니까 친구한테 전화좀 하세요. 번호는 <PHONE>이에요, 위치 좀 여쭤보고 오세요~ 농장에서 만나요~!",85072,91,0,1,0
"아 잠깐! 내일 회의 장소 아직 몰라? 괜찮아, 내가 알려줄게. 혹시 건물 찾다가 헷갈리면 내 번호로 연락줘 <PHONE>.",75741,69,0,1,0
"우리 집 강아지 사진 링크로 올려봤어, 귀엽지 않아? ㅋㅋㅋ <URL>",66812,39,1,0,0
"어제 네가 예약했던 그 식당, 내가 다시 예약해놨어. 필요하면 이 번호로 연락해 <PHONE> 아마도 문의 받을듯!",42672,64,0,1,0
아우 배고파서 짜파구리 해먹으려 하는데 물 어느 정도까지 넣는지 깜빡했어ㅠ <URL> 여기서 볼 수 있었는데 여기 한 번 봐보고 알려줄래? 부탁이야~ 빨리빨리!,130239,89,1,1,0
"요즘 읽는 웹툰 엄청 재밌더라고, 한 번 보던가? 링크는 여기 <URL> 하고 나중에 뭐라도 궁금한거 생기면 내 번호 <PHONE>으로 연락해!",58567,80,1,1,0
어제 굿데이 카페에서 그런드로 너무 잘 만드는 사람 있더라고? <URL> 요기 링크 클릭하면 동영상 나와! 한 번 봐봐~~~ ㅎㅎㅎ,82946,73,1,0,0
"방금 보내준 그 과제 내용 어렵더라구, 아 그래서 여기 <URL> 링크 첨부해놨어. 꼭 한 번 확인해봐!",73051,58,1,0,0
잘 있었지? 오랜만이네 ㅋㅋ 그나저나 다가오는 주말 파티 안 까먹고 와야되니까 이 링크 참고해봐 <URL> 궁금한 거 있으면 우리 번호로 연락 주라고 <PHONE>,49221,91,1,1,0
형아~ 연말 파티 장소 좋은 곳 찾았어 ㅋㅋ 보고 싶으면 여기 <URL> 눌러봐! 근데 내일 내 번호로 <PHONE> 전화 좀 해줄래? 다른 것도 좀 얘기할게 있거든.,84386,93,1,1,0
요즘 뭐하니? 오랜만에 보고 싶닼ㅋㅋ 다음 주에 시간 되면 이번에 새로 여는 카페 갈까? 혹시 모르니 내 번호 <PHONE> 저장해 둬~!,84148,77,0,1,0
"아참, 그 라면집 메뉴판 너 보고싶다면서? 여기 <URL>에서 직접 봐봐! 궁금한 거 있으면 이해가 안 가는 메뉴 있으면 언제든지 <PHONE>으로 전화해서 물어봐~~ 라면 추천해줄게 ㅋㅋ",110989,105,1,1,0
"어제 간 카페사진 너무 예쁘게 나왔어, 여기서 봐봐! <URL> 또 가자ㅋㅋ",100090,42,1,0,0
이번 주말에 신축빌라 둘러보러 가실 분 있을까요? ㅎㅎㅎ 혹시 참여하고 싶으시면 전화주세요! <PHONE> 이 번호로요!,78900,67,0,1,0
오늘 저녁 주문한건데 주소 알려줘야 하는데 퀵번호가 <PHONE> 이거야! 날 부르고 이 링크 <URL>로 바로 가서 본인 주소랑 번호 적어줘봥ㅎㅎ,76005,82,1,1,0
어제 그 카페 번호 찾았어! 여기 <PHONE> 가서 예약해봐ㅎㅎ 사람들 후기에 맛있다더라!,41636,51,0,1,0
"아 그래, 그럼 내일 카페에서 만날 때 네 번호가 <PHONE> 맞지? 잘못 저장하지 않았나 걱정이네 ㅋㅋㅋ",42754,60,0,1,0
"야, 다음 주 토욜 파티 오면 개꿀잼일 거 같은데? 주소 잊어버리면 바로 이 번호로 연락해 <PHONE> ㅎㅎ 철야 준비하라고~",42287,71,0,1,0
"이번 주말 이벤트 참여할까하는데, 함께 할래? 상세 정보는 여기 <URL> 있어! 괜찮으면 알려줘!",63724,55,1,0,0
"시간 있으면 이번 주말에 같이 캠핑 가자고! 장소는 아직 안정했는데, 논의할 것들 있으면 이 번호로 전화해 줘 <PHONE>ㅎㅎ",130211,71,0,1,0
날씨 좋다니까 오늘 피크닉 가자니까? 장소는 여기 참조해봐 <URL> 근데 내가 좀 늦을 것 같아서 혹시 뭐 필요하면 <PHONE>으로 전화해😅,134147,80,1,1,0
"ㅋㅋ 아 진짜 어제 너무 웃겨서 눈물나더라구, 그런데 누가 보면 이게 왜 웃긴지 모르겠다니까 링크 <URL> 여기에 올려둔 건데 한번 봐봐! 궁금하면 전화 좀 <PHONE> 번으로 주렴~",96629,104,1,1,0
진짜 이건 꼭봐야 할 거 같아서 링크 보내ㅋㅋ <URL> 그리고 궁금한 거 있으면 내 번호로 연락해 <PHONE>,133459,63,1,1,0
"쟤네 시키기 사랑니 뽑는 동영상 어디서 봤더라…? 아 찾았다, 여기에 있었어 <URL> 진짜 대박웃김 ㅋㅋㅋ 계속 재생해보고 웃어 너도 한번 봐바!",69041,82,1,1,0
오늘 저녁에 운동 같이할 사람?! 내가 회사 끝나고 전화할 테니까 이 번호로 연락받을 준비해둬 <PHONE> ㅋㅋ,131754,63,0,1,0
오늘 회사 늦게 끝나니까 집에 뭔가 필요한거 있으면 <PHONE> 번호로 문자 말고 카톡 해줘~,90116,53,0,1,0
"방금 너한테에 사진 보냈어, 확인 좀 해봐! <URL> 그리고 나중에 뭐 묻고 싶은 거 있으면 이 번호로 연락하렴 <PHONE> ㅎㅎㅎ",45320,75,1,1,0
어제 공연 너무 재밌었어 ㅋㅋㅋ 영상 여기에 <URL> 올려놨거든? 한번 봐봐~,96470,44,1,0,0
"야, 내일 중국집에서 만나자 너 찾아가기 힘들게 하기 생각하면 이 번호로 전화해 ㅋㅋ <PHONE> 참고로 나 무슨 케이스 좋아하는지 아니ㅋㅋ",67734,79,0,1,0
"아까 말했던 그 레시피 링크 여기야 <URL> 꼭 한번 해봐, 진짜 꿀맛이야 ㅎㅎ",83833,45,1,0,0
"야 재밌는 영상 하나 찾았는데 진짜 보기엔 꿀잼일 거 같아 ㅋㅋㅋ 여기 링크 보낼게, <URL> 틈나면 한번 봐봐!",84140,64,1,0,0
아 이거봐봐! 방금 그 놀이동산에 소개된 그 놀이기구 영상을 찾았어! 여기 링크 <URL>  진짜 무서울 것 같지 않아? 꼭 타보자 ㅋㅋㅋ,64793,77,1,0,0
"아니 김철수, 너 핸드폰 바꾼 건가? 다시 한 번 번호 보내봐, <PHONE> 이거 맞았냐고ㅋㅋ",76056,53,0,1,0
"에이야 완전 깜짝 놀랐어, 내가 쉽지 않게 찾은 사이트야ㅋㅋㅋ 한번 들어가봐 <URL> 주말에 시간 나면 같이 가요~",68795,65,1,0,0
우와 진짜 꼭 보세요! 이거 완전 킬링포인트다 ㅋㅋㅋㅋ 링크 여기 있어요 <URL>,49000,46,1,0,0
"야 잼써진다 털었노!!! ㅋㅋㅋ 같이 해보셈 ㅎㅎㅎ 사전예약 링크는 이거야 <URL>, 모르는 거 있으면 전화해 <PHONE>~",75574,71,1,1,0
"야, 너 차 나타나지 않으면 고민되면 이 번호로 전화해봐 <PHONE>. 근데 가긴 해야 돼서 늦지 않게 나와~",135552,62,0,1,0
요즘 인기 많은 빵집에 대한 정보 있어서 보내~ 옆에 전화번호도 있어서 뭐 사야할지 모르면 전화해서 물어봐도 될 거 같애 <URL> / <PHONE>,61861,83,1,1,0
"무슨 일있으면 여기 <PHONE>으로 연락줘, 그리고 나중에 이 링크 <URL>로 사이트 한 번 가봐 ㅎㅎㅎ",99548,60,1,1,0
"오늘 저녁에 만나기로 한 카페 주소 잊어버린 것 같아서, 혹시 모르니까 여기 <PHONE>으로 전화해줘! 헤헤 맛있는 케이크 먹을 생각하니까 벌써부터 들뜨네~",41749,88,0,1,0
"오늘 회식 장소야, 네비 돌리느라 혹시나 해서 전화번호 미리 알려줄게 <PHONE> 늦지 마ㅋㅋ",61730,53,0,1,0
헉ㅋㅋ 너도 이거 봐봐 이번 주말 문화생활 어때? <URL> 여기에 정보 다 있어!,85140,46,1,0,0
너무 늦게 나갈 생각 없으면 나중에 이 번호로 연락해봐 <PHONE> 오늘 계획은 이미 다 짜놨어 ㅎㅎ,45345,57,0,1,0
"오늘 점심 뭐 먹을까 고민 중이라면, 이 링크 들어가봐 <URL> ㅎㅎㅎ 혹시 모르니 나중에 문의할 번호도 남겨둘게 <PHONE>",111089,72,1,1,0
"너도 등산 좋아하잖아! 어제 가본 산 괜찮더라, 사진 보여줄게 <URL> 봐봐! 그리고 등산 때 그 해돋는 집 번호 여기 <PHONE>야, 연락해서 예약하면 좋을 듯!ㅎㅎ",61548,95,1,1,0
"헐, 이번에 가려는 카페 정말 예뻐보여! 링크 살펴봐 봐 <URL> 그리고 혹시 내가 받지 못할까봐 여기 내 번호 <PHONE>도 적어 둘게!",75341,79,1,1,0
"야 너 이번에 신상 커피 메뉴 너무 꿀맛이라며! 매장에서 직접 사먹는 거랑 똑같대, 여기서 주문해봐 <URL> 난 벌써 두 번째 주문했다 후후~",111420,80,1,0,0
오늘 회사에서 봤던 문서 필요하면 내 번호로 톡 하나만 날려줘 <PHONE> 언제든지 전화해도 돼!,45440,55,0,1,0
야 내가 어제 너무 웃겨서 찍은 동영상 링크 보내줄까? <URL> 여기서 볼 수 있어 ㅋㅋㅋ,83365,51,1,0,0
"야, 만약에 내가 피크닉 가서 연락이 안될 때 이 번호로 전화해봐 <PHONE>. 그럼 바로 찾을 수 있을거야 ㅋㅋㅋ",76187,65,0,1,0
"야, 나한테 어떤 일이 일어났는지 알고 싶으면 이 번호로 전화해보라고 <PHONE> 보냈던 그 사람 누군 줄 알아?",45311,64,0,1,0
"장난감 정리하면서 티비 보는데 웃겨서 찍었어ㅋㅋ 일어나려는 딸래미 모습, 사진 확인해봐 <URL>",48960,54,1,0,0
요즘 존나 재밌는 게임을 찾았어! 이번에 나온 거라서 여기 링크 <URL> 들어가서 한 번 해봐! 궁금한 거 있으면 나한테 <PHONE> 번호로 전화해도 되고~,83009,89,1,1,0
"헐, 오늘 그거 주소 잃어버렸어ㅠ 여기 <URL>에서 찾아봤는데 이게 맞는지 한 번 확인해줄래? 아무래도 헷갈리면 전화 <PHONE>로 주면 될텐데 ㅎㅎ",85087,85,1,1,0
방금 보낸 <URL> 안에 있는 동영상 본 적 있어? 진짜 너무 웃겨서 나 혼자 실실거렸어 ㅋㅋ 꼭 보고 웃음 받아가~,96313,66,1,0,0
"'야, 내일 회사 갑자기 일이 생겨서 못 나가. 항상 깨워주는데 내일은 <PHONE>으로 알람 맞춰서 일어나렴~'",99773,63,0,1,0
"요즘 헤어 스타일 바꿀까 생각 중인데, 이 링크에 좋은 레퍼런스 사진들 많더라고 <URL> 한번 들어가서 봐줘 ㅎㅎ",96122,64,1,0,0
"야, 이거 볼래? 진짜 대박이거든. 꼭 봐봐 <URL> 물론 완전 궁금하면 나한테 연락해 <PHONE> ㅎㅎㅎ",48147,61,1,1,0
"야, 군대 보내고 싶지 않아?! <URL> 여기 링크 눌러 봐. 거기에 알려주는대로 나한테 연락 줘 <PHONE>.",42079,64,1,1,0
"앗, 미팅자료 ㅎㅎ 이거 링크로 드릴께요 <URL>. 만약 중간에 문득 궁금한거 생기면 <PHONE>으로 편하게 연락주세요!",89923,69,1,1,0
"야, 나 어제 그 카페에서 이상한 사람 만났어. 너도 조심해, 혹시 모르니까 이사람 번호 <PHONE> 꼭 저장해놔.",96586,65,0,1,0
"야, 우리 내일 일찍 와야 돼서 테이크아웃 시킬게. 네가 좋아하는 치킨집 링크 <URL> 여기에 골라두고 나한테 연락줘 <PHONE>ㅋㅋ",100065,76,1,1,0
"오늘 보고 싶은 영화 추천받으려고 어플 깔아봤는데 이거 완전 좋더라고, 너도 한번 깔아봐 ㅎㅎ <URL>",67263,58,1,0,0
와 여기 카페 진짜 좋아ㅎㅎ 다음에 같이 올까? 위치는 이 링크 참고해봐 <URL>,64678,46,1,0,0
야 나 내일 쓸 교재 사이트 안내했던거 기억나? <URL> 그거야! 어렵다면 나한테 전화좀~~ <PHONE> 이거야ㅎㅎ,75098,66,1,1,0
"우리 지난번에 가본 그 카페 예약 링크 여기 있어 <URL>, 문의사항 있으면 이 번호로 연락해 <PHONE> 얼른 예약해봐!",42254,70,1,1,0
"헐, 너 집에 고양이 새로 데려왔다며? 그럼 언제 한번 볼 수 있어? 주말에 볼까? 내 번호 <PHONE>인데 잘 돼있어?",61538,68,0,1,0
너희 집 주소 다시 보내줄까? 아님 이 맵 링크 <URL> 확인해봐! 아무래도 이걸로 찾아가는게 제일 편하겠다 싶으면 이 번호 <PHONE>로 연락바래!,100531,85,1,1,0
회사에 가는 길이 기억나? 진짜 헷갈리면 이 번호로 전화해도 돼 <PHONE> 바로 받을게!,68851,51,0,1,0
"오늘은 나한테 직접 연락하지 말고, 어머니 번호로 전화줘 <PHONE> 이게 어머니 번호야! ㅋㅋㅋ",135556,55,0,1,0
"오늘 점심 뭐 먹지 고민했더니, 맛집 추천해주더라고. 링크에 들어가봐 <URL> 너무 맛있어 보여서 너한테도 알려줘야겠다 생각해서 ㅋㅋㅋ",68495,76,1,0,0
야 내일 새벽에 낚시 가자네? 배 타는 곳 위치 몰라서 헤맬까봐 전화번호 알려줄게 <PHONE> 여기야~ 아무때나 연락해!,84248,68,0,1,0
"오늘 공연 예매사이트 여기야 <URL>, 참고하고 예약해봐! 놓치면 다신 볼 수 없을 걸?",60737,50,1,0,0
드디어 내가 이걸 구매해버렸어 ㅠㅠ 링크 들어가서 저 제품사진 좀 확인해줄래? <URL>,41872,49,1,0,0
나흘 동안 내리는 비에 힌트 맞아서 집에서 뭐 해먹을지 찾다가 이런 걸 발견했엉 ㅋㅋ 근데 요리법 좀 어려워보여서 <URL> 이건데 한번 봐볼래? 혹시 모르니 내 번호로 연락줘 <PHONE>,84651,106,1,1,0
"야, 어제 찍은 사진 어때? 공유링크 여기 <URL>야. 보고 궁금한 거 있으면 <PHONE> 번호로 연락해!",61544,61,1,1,0
이번 주말 놀러갈 마당극 티켓 사이트 링크 드리겠습니다! <URL> 해당 사이트에서 바로 예매 가능해서 편하더라고요!ㅎㅎ,41332,67,1,0,0
"아, 그거 내일 배달해주려고 했는데 오늘 집에 있으려나? 주소 좀 알려줘. 바쁘면 <PHONE>으로 메시지 보내줘도 돼 ㅎㅎ",96368,69,0,1,0
우리집 강아지 귀엽지 않아? <URL> 이거 보면 궁금증 다 해결될거야 ㅎㅎ,99423,42,1,0,0
"오늘 회의록 봐봐 진짜 재밌는데!! <URL> 여기에 올려놨고, 궁금한 거 있으면 편하게 <PHONE> 번호로 전화해봐~ ㅋㅋ",67252,70,1,1,0
야 너 꼭 봐야 할데 ㅋㅋ 이거 확인하고 뭐라고 생각하는지 꼭 말해봐! <URL>,42021,45,1,0,0
"아, 그거 그냥 구글에 검색하면 바로 나오는데! 여기 링크 걸어봤어 봐봐 <URL>",58432,46,1,0,0
"이번 주말에 가는 그 캠핑장 위치 여기에 있어 <URL>, 뭔가 의문점 있으면 언제든지 내 번호 <PHONE>로 연락해 ㅎㅎㅎ",110808,70,1,1,0
어제 그 사진 웃겨서 말이야. 근데 보낸 사진을 실수로 지웠어ㅠ 내 번호 <PHONE>으로 다시 보내줄 수 있을까?,84077,64,0,1,0
"어제 카페에서 찍은 사진, 너무 예뻐서 공유하고 싶었어 <URL> 여기서 확인해봐! 분위기 대박이지?",47526,56,1,0,0
"야, 난 오늘 집에 안 가니까 이거 뭐 좋아할지 몰라서 링크 보냈어 <URL> 한번 들어가보고 마음에 드는 거 골라 다가 이 번호 <PHONE>로 연락줘~",100773,86,1,1,0
오늘 카페에서 찍은 사진인데 <URL> 보면 느낌이 완전 달라 ㅋㅋㅋ 꼭 봐봐!,92856,44,1,0,0
"헐, 다음주에 영화 보러 가자고? ㅋㅋ 난 괜찮아, 그럼 근데 몇 시에 만날까? 시간 확정되면 이 번호로 <PHONE> 톡 좀 치고 가줘~",67228,77,0,1,0
"헐, 너 저 티켓 팔고 있는 거 봤어? 여기서 확인해봐 <URL> 신나죠? ㅎㅎ",82755,44,1,0,0
첼시가 이번에 어떻게 이긴 건지 링크에 영상이랑 요약 잘 나와있어요. 후반 아드리안의 거침 없는 슈팅 너무 멋졌어요 ㅋㅋ 한 번 확인해보세요~ <URL>,45586,85,1,0,0
이번 주말에 같이 할 만한 행사 링크 공유해봤어~! <URL> 구경해보고 좋은 거 있으면 전화 좀 <PHONE>!,69190,63,1,1,0
"야, 내일 모임 장소가 바뀌었어. 그런대로 늦은 건 영 못 받겠다니까? ㅎㅎ 아무튼, 혹시나 늦을까봐 예약한 번호 남겨둘게, 필요하면 연락해 <PHONE>.",63867,87,0,1,0
와 이거 봤어? 진짜 가슴 뛰는 느낌이야! 무조건 보고나서 연락해ㅋㅋㅋ<URL>,49111,44,1,0,0
"야, 내가 어제 말했던 그 장소 연락처가 이거니까 <PHONE> 기억해뒀다가 길 잃으면 전화해봐~ ㅎㅎ",131812,57,0,1,0
일요일까지 제출하라는 거 아는데ㅠ 제출 페이지 링크 다시 줄게 <URL> 참고하고 궁금한거 있으면 <PHONE>으로 바로 연락해!,69315,72,1,1,0
"아, 그래 그럼 이 푸드트럭 위치는 물어볼테니까 전화번호 좀 알려줘 <PHONE> 이거야?",113377,50,0,1,0
"야, 잠시 후에 혹시 가능하면 <PHONE> 번호로 전화 좀 부탁해! 직접 얘기해야 할 것 같아서.",84440,55,0,1,0
"어제 그 애기 사진 말이지, 넘 귀엽더라구 ㅋㅋ 너도 보고싶으면 말해, 내가 <PHONE>으로 보내줄게!",74811,58,0,1,0
"야, 어제 찍은 그 사진, 정말 웃기다고! ㅋㅋㅋ 확인해봐 <URL>",67432,38,1,0,0
"아 저녁에 내가 너한테 좀 물어보려고 했는데, 집에서 계속 통화가 안 돼서 ㅋㅋ 이번호 <PHONE>로 전화 좀 해 주렴!",43448,68,0,1,0
"너 어제 말한 그 영상 찾았어! ㅋㅋㅋ 정말 대박이야, 확실히 봐야겠어ㅋㅋ <URL>",43098,47,1,0,0
아 잊지 말고 지금 이 링크 <URL> 접속해서 시험 접수 꼭 해놔! 나랑 싸피 또 같이 배울 수 있으면 좋겠다 ㅎㅎ,75572,65,1,0,0
항상 어디든 연락 잘되게 내 번호 이거 <PHONE>로 교체하려고! 먼저 연락해봐!,99400,46,0,1,0
"우와, 이거... 네가 찾던 그건 아닐까? 다시 한 번 확인해볼래? 네가 쓰는 번호 맞지? <PHONE> 이거 말이야. 하하 또 찾아봤어~",96638,77,0,1,0
오늘 뭐 했어? 나는 진짜 대박 이거 꼭 봐봐ㅋㅋㅋ <URL> 진짜 너무 웃겨서ㅎㅎㅎ,41702,47,1,0,0
왕 이거 맛있게 먹을 건데? 중간에 재료모자라면 나한테 연락줘 <PHONE> 번호야~^^,61290,49,0,1,0
아 잠깐! 우리가 가야하는 그 식당 주소 잊어버렸다ㅠ 우편번호 좀 <PHONE>으로 보내줄래?,76590,52,0,1,0
"새로 개장한 카페 분위기가 완전 그냥 내 스타일이더라구? 여기 주소 링크 보낼게, 나중에 시간 나면 한 번 가봐 <URL>",45422,68,1,0,0
"아니 깜짝 놀랬어, 너가 그린 그림이 이렇게 잘 그려졌다니, 믿겨지지 않아ㅎㅎㅎ 너무 예쁜 것 같아서 감상평 좀 남겨봤어. 링크로 들어가서 확인해봐 <URL>",73412,88,1,0,0
나 오늘 중고나라에 올린 것 봤어? 시려해? ㅋㅋㅋ 여기 링크 보냈으 <URL> 확인하고 답장 좀 해봐!,130879,58,1,0,0
"에이야 내일 점심 무슨 메뉴 생각하니? 혹시 고민하면 이거 메모장에 적어놓은데, 한 번 보고 골라볼래? 아 참, 파일 전송되면 나한테 바로 문자 <PHONE>로 주고.",99895,93,0,1,0
"진짜 이번에 새로나온 영화 완전 무섭더라고 ㅠㅠ 꼭 한 번 봐, 예고편은 여기서 볼 수 있어 <URL> 관람 후기 듣고싶으면 전화 주셈 <PHONE> ㅎㅎ",99981,86,1,1,0
내일 놀러 나올거지? 장소는 네이버 지도에서 찾아보도록 해! <URL> 근데 내 핸드폰이 자꾸 꺼져서 혹시 급하면 여기에 <PHONE>로 전화해줘~,45533,82,1,1,0
"너도 봐봐ㅋㅋ 이거 실화래 요즘 너무 재밌어서 밤새 보고있었어, 여기서 볼 수 있어 <URL>",61624,52,1,0,0
오늘 하루 어땠어? 나한테 좀 말해봐. 니가 힘들 때면 언제든지 이 번호로 전화와 <PHONE> 너무 힘들지마 잘 될거야ㅎㅎ,89997,69,0,1,0
아니 정말..ㅋㅋ 방금 사람들이랑 얘기하다가 내가 애정하는 그 짜장면집 전번 나왔어!!! <PHONE> 빨리 저장해놔! 나중에 또 먹어야지~ㅎㅎ,130284,80,0,1,0
"오늘 찍은 사진들, 너무 잘 나왔다고 봐야지!ㅋㅋ 여기 <URL>에서 확인 가능해~",45348,46,1,0,0
"야, 그 어제 했던 그 얘기 장난 아닐 걸? 제발 한번만 참고 보라고! 링크 남길게 <URL> 편하게 연락 할 수 있게 내 번호도 또 말해줄게 <PHONE> ㅎㅎㅎ",99974,91,1,1,0
"저녁에 먹을려고 피자 시켰는데 가게에서 쿠폰 새로 뽑았대, 링크 여기 <URL> 한 번 들어가봐! 아싸 쿠폰쟁이 떴다ㅋㅋㅋㅋ",49114,69,1,0,0
"요즘 유튜브로 핫하대, 난 어제 천벌 받았어 ㅋㅋ 이거 보려면 클릭해봐 <URL> 너도 보고 싶으면 <PHONE> 여기로 전화해줘!",67916,73,1,1,0
"저번에 왔던 그 카페 사진들 골라서 드라이브에 올려뒀어, 여기 <URL>에서 한번 들어가봐! 후회 없을 걸?ㅎㅎ",63509,62,1,0,0
"오늘 저녁에 시간 되면 상영하는 영화 좀 알아봐, 번거롭지 않게 이 번호로 카톡이나 문자 좀 보내줄래? <PHONE> 🙏",48332,67,0,1,0
"이번 주말에 같이 갈만한 카페 찾아봤는데, 여기 후기 좋다더라 <URL> 확인하고 내일 이쪽으로 오면 <PHONE>으로 연락줘 ㅋㅋㅋ",64341,74,1,1,0
아 저번에 말했던 그 영화 티켓 사셨어? 근데 어떻게 받아? 아 여기서 확인할 수 있어요 <URL> 그리고 전화 한번 해주세요 <PHONE> 톡으로는 잘 못보거든요 ㅠㅠ,89729,94,1,1,0
아 이거진짜 너에게 딱이야 ㅋㅋ 바로 구매 ㄱㄱ <URL> 궁금한거 있음 바로 카톡이나 <PHONE>으로 전화 줘~,42130,64,1,1,0